,roles,companies,experience,locations,skills
0,Data Analyst/ Scientist,Sonu Kumar (Proprietor Of Bicano Tech Silca),0-3 Years,"Mumbai, Pune",  Data Scientist
1,data scientist,Atish Arun Sonune (Proprietor Of Tata Techno Solution),0-2 Years,Cochin / Kochi / Ernakulam,  Data Scientist
2,Data Scientist,Yashodha S M (Proprietor Of Co Inter Technology),0-2 Years,Chennai,  Data Scientist
3,Data Scientist,Yashodha S M (Proprietor Of Co Inter Technology),0-2 Years,Kozhikode / Calicut,"  data architech , Data Analyst , Data scientist"
4,Data Scientist,Js It Tech Solutions,3-5 Years,Hyderabad / Secunderabad,"  Deep Learning , Computer Vision"
5,Data Scientist,Applied Materials,4-7 Years,Bengaluru / Bangalore,"  R , Data Scientist , Scripting , Python , Shell Scripts"
6,Data Scientist,Alpha ICT LLP,3-10 Years,Pune,"  R , data architectures , Data Science , Machine Learning , Python"
7,Associate (Data Science/Analytics),Angel And Genie,3-5 Years,Bengaluru / Bangalore,"  Modeler , Data Scientist"
8,Senior/ Lead Data Scientist,A&S Software Technologies,5-8 Years,Chennai,"  Risk Analytics , NLHandling , Data Scientist , Python , Machine Learning , Deep Learning"
9,Data Scientist - Machine Learning,Company Name Confidential,3-6 Years,"Delhi, Gurgaon / Gurugram","  Logistic , Regression , Bagging and Boosting , Recommendation systems , Random Forests"
10,Data Scientist ( Contract ),Talent Basket,5-15 Years,Thiruvananthapuram / Trivandrum,"  ""Database Architect"" , Data Analyst , Data Scientist , Python Developers , Python Developer"
11,Senior Data Scientist (Althorithmic Trading),Tethys Technologies Private Limited,5-15 Years,Noida,"  Data Analyst , R/Splus , Data Scientist , Python , Matlab"
12,Junior Data Scientist,Yashodha S M (Proprietor Of Co Inter Technology),0-3 Years,"Mumbai, Mumbai City","  Data Science , Data Scientist , Artificial Intelligence , Machine Learning"
13,Data Scientist,Sonu Kumar (Proprietor Of Bicano Tech Silca),0-2 Years,Vadodara,"  Data Scientist , Data Structures , Multithreading , Design Patterns , Algorithms"
14,Business Analyst,Atish Arun Sonune (Proprietor Of Tata Techno Solution),0-3 Years,Aurangabad,"  Business Analytics , Business Analysis , Data Analyst , MIS Reporting , Due Diligence"
15,"Data Scientist – NLP, Text Mining",A&S Software Technologies,3-5 Years,Bengaluru / Bangalore,"  Data Scientist , Nlp , Text Mining , Data Mining , Python , Nlp"
16,Job Opportunity For Data Scientist,Peoplefy Infosolutions Private Limited,4-9 Years,Pune,"  neutral network , Machine Learning , Algorithms , Sql , Python"
17,Senior / Lead Data Scientist,Muskaan Parveen (Proprietor Of Muskan Industry),0-2 Years,Allahabad / Prayagraj,"  Database Administrator , Data Scientist , Database Admin , Data Base Administration"
18,Associate Data Scientist / Sr Associate Data Scientist / Data Scientist / Technical Data Scientist,Career Carnival LLP,2-8 Years,Bengaluru / Bangalore,"  Python , R Programming , Machine Learning"
19,Data Analyst,Talent Basket,5-7 Years,Thiruvananthapuram / Trivandrum,"  Data Analyst , ""data engineer"" , ETL Developer , Etl , Data Science , Data Scientist"
20,Data Scientist,Banctec Tps India Private Limited,2-7 Years,Pune,"  Regression , Data Scientist , Data Science , Nlp , Python"
21,Data Scientist,Magna Infotech Limited,10-15 Years,"Bengaluru / Bangalore, Hyderabad / Secunderabad","  Sales Forecasting , R , Neural network algor , Marketing Research , Logistics Manager"
22,Data Scientist / Data Analyst / Business Analytics- Freshers,Solitaire Infotech Solution,0-1 Years,Bengaluru / Bangalore,"  O2c , fresher data analyst , Banking , Marketing Analytics , graduate fresher , fresher reporting analyst"
23,Senior Data Scientist,Radilla Consulting Private Limited,5-8 Years,Pune,"  R , Data Scientist , Python , C , C# , Java"
24,Senior Data Scientist,Company Name Confidential,4-9 Years,Hyderabad / Secunderabad,"  R , Python , Data Science , Deep Learning , Neural Networks , Nlp"
25,Data Analyst / Fresher / Data Scientist / Graduate Fresher - MNC - 7303778896 | 9560245147,Structured Learning Assistance Consultants India Private Limited,0-5 Years,"Delhi, Gurgaon / Gurugram","  Freshers , Graduates , Graduate Fresher , Data Entry , Data Analysis , Mis , Market Research"
26,Data Scientist,AasaanJobs Private Limited,6-9 Years,Bengaluru / Bangalore,  Data Scientist
27,Data Scientist,Vivotex India Private Limited,3-10 Years,Bengaluru / Bangalore,"  H2O , Telco domain , Python , Machine Learning , Data Mining , Tableau"
28,DATA SCIENTIST,Atyeti Inc,3-8 Years,Pune,"  Natural Language Processing Engineer , Java , Nlp , Machine Learning , Deep Learning"
29,Data Science/Scientist,Shri TirupatiI Balaji Education Foundation,0-5 Years,"Bengaluru / Bangalore, Chennai",  Data Science
30,Data Scientist,Lera Technologies Private Limited,4-9 Years,"Bengaluru / Bangalore, Hyderabad / Secunderabad","  Python , R Programming , Matlab"
31,Data Analyst Data Analysis Data Analytics Data Science Data Scientist,Prismer Business Solutions Private Limited,3-7 Years,Mumbai,"  Data Analyst , Data Analysis , Big Data Engineer , Big Data Analyst , Data Analytics"
32,Data Analyst – Fresher – Data Scientist – Graduate - Fresher 7303778896,Structured Learning Assistance Consultants India Private Limited,0-5 Years,"Delhi, Noida","  Freshers , Graduates , Graduate Fresher , Data Entry , Data Analysis , Mis , Market Research"
33,Data Engineer / Data Scientist / Data Analyst Requirements,Company Name Confidential,0-3 Years,"Bengaluru / Bangalore, Hyderabad / Secunderabad","  Data Analyst , Reporting Analyst , Data Entry , Data Mining , Research Analyst"
34,Data Analyst / Fresher / Data Scientist / Graduate Fresher - MNC - 8218334341 | 8077828639,Structured Learning Assistance Consultants India Private Limited,0-5 Years,"Delhi, Noida","  Freshers , Graduates , Graduate Fresher , Data Entry , Data Analysis , Mis , Market Research"
35,Machine Learning Developer,Prisma Global Limited,1-5 Years,"Mumbai, Mumbai City",  Deep Learning Machine Learning Transfer Learning Data Scientist Natural Language Processing Swarm Intelligence
36,"Data Scientist – Python, ML, DL, NLP",A&S Software Technologies,2-4 Years,Chennai,"  Python , Pyspark , Spark , Machine Learning , Deep Learning , Neural Networks"
37,Data Analyst – Fresher – Data Scientist – Graduate - Fresher 8077828639 | 7303778896,Structured Learning Assistance Consultants India Private Limited,0-5 Years,"Delhi, Gurgaon / Gurugram","  Freshers , Graduates , Graduate Fresher , Data Entry , Data Analysis , Mis , Market Research"
38,Senior Data Scientist(Contract to Hire),Smart And Prompt Hr Services Private Limited,2-7 Years,Thiruvananthapuram / Trivandrum,"  Data Scientist , Machine Learning , Data Mining"
39,Data Scientist,Axxonet System Technologies Private Limited,0-1 Years,Bengaluru / Bangalore,"  Statistics. At least one programming language R/ Python. Data Extraction , Transformation"
40,"Data Scientist - Organization leading in AI and Machine Learning in industrial IOT, Bopodi, Pune",Seventh Contact Hiring Solutions,5-12 Years,Pune,"  supervised learningLanguages , Bopodi , Pune , C++ , Data Scientist , Python , Java"
41,Data Scientist : -Immediate Opening with our Top MNC Client-Pune Location .,Future Focus Infotech Private Limited,10-15 Years,Pune,"  Datascientist , Ai , Ml"
42,"Platform Engineer - C++ -US Based Product IT MNC, Bopodi , Pune",Seventh Contact Hiring Solutions,5-10 Years,Pune,"  supervised learningLanguages , Bopodi , Pune , C++ , Data Scientist , Python , Java"
43,"""Lead Data Scientist""",Leaders Hunt,5-8 Years,"Bengaluru / Bangalore, Mumbai","  lead analyst , Data Scientist , Data Science"
44,Data Analyst Data Analysis Data Analytics Data Science Data Scientist,Prismer Business Solutions Private Limited,3-5 Years,"Bengaluru / Bangalore, Chennai","  Data Analyst , Data Analysis , Big Data Engineer , Big Data Analyst , Data Analytics"
45,Data Scientist -Deep learning Expert,Achyutas Soft Private Limited,1-6 Years,Hyderabad / Secunderabad,  Deep Learning
46,Principal Senior Data Scientist,AasaanJobs Private Limited,5-10 Years,Bengaluru / Bangalore,"  Data Scientist , AWS , Azure , Python , Sql , Excel , Tableau , Pandas , Spss , Hadoop"
47,Data Scientist,Shri TirupatiI Balaji Education Foundation,0-5 Years,"Bengaluru / Bangalore, Chennai",  Data Science
48,Data Science/Scientist - 7454879990,Shri TirupatiI Balaji Education Foundation,0-5 Years,"Bengaluru / Bangalore, Chennai",  Data Science
49,Data Scientist (Bank),Snaphunt Pte Ltd,4-10 Years,Bengaluru / Bangalore,"  Data Analysis , Data Mining , Data Analytics , Statistical Analysis , Data Modeling"
50,Data Analyst – Fresher – Data Scientist – Graduate - Fresher 7303778896 | 9560245147,Structured Learning Assistance Consultants India Private Limited,0-5 Years,"Delhi, Noida","  Freshers , Graduates , Graduate Fresher , Data Entry , Data Analysis , Mis , Market Research"
51,Java,A&S Software Technologies,5-8 Years,Chennai,"  Java , Spring Boot , Rest Services , Hibernate , Jpa , Jsp , Jsf , Jquery , Maven , Log4j"
52,Data Analyst / Data Scientist / Data Analysis / Data Analytics,Support.com India Private Limited,5-7 Years,Bengaluru / Bangalore,"  snowflake , Sql , Psql , Aws Redshift , Phython , Nlp , Spark"
53,Data science-phd,Novotree Minds Consulting Private Limited,0-1 Years,Bengaluru / Bangalore,"  Analyst , data scientist"
54,Data Scientist,Zycus Infotech,1-10 Years,Bengaluru / Bangalore,"  R , data architectures , DigitalOcean , Reduce , Gurobi , Python , Sql , data mining"
55,Data Scientist,Zycus Infotech,1-10 Years,Bengaluru / Bangalore,"  R , data architectures , DigitalOcean , Reduce , Gurobi , Python , Sql , data mining"
56,Data Analyst / Fresher / Data Scientist / Graduate Fresher - MNC - 7303778896 | 9560245147,Structured Learning Assistance Consultants India Private Limited,1-7 Years,"Delhi, Noida","  Freshers , Graduates , Graduate Fresher , Data Entry , Data Analysis , Mis , Market Research"
57,Developer Analyst Analyst Developer Analyst Programmer,Suntech Business Solutions LLP,1-6 Years,Remote,"  Developer Analyst , Analyst Developer , Analyst Programmer"
58,"Excellent Opportunity For ""Data Science"" in Technology Center in Pune.",Peoplefy Infosolutions Private Limited,1-6 Years,Pune,"  Artificial Intelligence Neural Networks AI , Data Science , Machine Learning , Python"
59,Lead Data Scientist (Banking Operations),Snaphunt Pte Ltd,8-16 Years,Bengaluru / Bangalore,"  Statistics , Banking Operations , Financial Services , Machine Learning , Python"
60,Excellent Opportunity For Sr. Data Science For MNC in Pune.,Peoplefy Infosolutions Private Limited,6-11 Years,Pune,"  Artificial Intelligence Neural Networks AI , Data Science , Machine Learning , Python"
61,Data Analyst / Fresher / Data Scientist / Graduate Fresher - MNC - 7303778896 | 9560245147,Structured Learning Assistance Consultants India Private Limited,0-5 Years,"Delhi, Gurgaon / Gurugram","  Freshers , Graduates , Graduate Fresher , Data Entry , Data Analysis , Mis , Market Research"
62,urgent opportunity for data scientist in bangalore,JB Consultants,8-18 Years,Bengaluru / Bangalore,  Data Scientist
63,Data Scientist,TransAltus Management consulting Private Limited,5-10 Years,Bengaluru / Bangalore,"  Matlab C , Data Science , Data Scientist , Python , Sql , Artificial Neural Networks"
64,Job | Urgent Opening for NLP- Data scientist_CMMI 5 Level Company (Bangalore),Alphacom Systems and Solutions Priavte Limited,3-6 Years,Bengaluru / Bangalore,"  NLG , DL , Ontology , Jinja , Nlp , Ml , Python , Flask , Microservices , Kafka , Sparql"
65,Data Scientist,Novotree Minds Consulting Private Limited,2-4 Years,Bengaluru / Bangalore,  Data Scientist
66,Data engineer,Reynold Infotek,5-13 Years,"Delhi, Gurgaon / Gurugram","  Data Engineer , Data Visualization , Python , Cassandra"
67,Data Scientist,Acmeture Global Consulting Services,2-3 Years,Hyderabad / Secunderabad,"  R , ""Auto ML"" , Mining Engineer , Python , Algorithm"
68,Data Analyst / Fresher / Data Scientist / Graduate Fresher - MNC - 7303778896 | 9560245147,Structured Learning Assistance Consultants India Private Limited,0-5 Years,"Delhi, Ghaziabad","  Freshers , Graduates , Graduate Fresher , Data Entry , Data Analysis , Mis , Market Research"
69,Cloud Data Scientist,SRS Business Solutions India Private Limited,10-18 Years,"Bengaluru / Bangalore, Hyderabad / Secunderabad","  data scientist , Gcp , python , Etl , Machine Learning"
70,Looking For Artificial Intelligence Fresher's- 2020 -7454878658,Shri TirupatiI Balaji Education Foundation,0-5 Years,"Bengaluru / Bangalore, Chennai","  Machine Learning , Java"
71,"Trainee - Data Science, Artificial Intelligence & Data Analytics",Shri TirupatiI Balaji Education Foundation,0-5 Years,"Bengaluru / Bangalore, Chennai","  Python , Java , C++"
72,Data Science/ Scientist - Python/ Deep Learning,Shri TirupatiI Balaji Education Foundation,0-5 Years,"Bengaluru / Bangalore, Chennai","  Machine Learning , Java"
73,Data Analyst,Company Name Confidential,1-4 Years,"Bengaluru / Bangalore, Chennai","  Data Analysis , Phyton , Tableau , Sql , Oracle , Vba , C#"
74,Internship in Artificial Intelligence-9808811409,Shri TirupatiI Balaji Education Foundation,0-5 Years,"Bengaluru / Bangalore, Chennai","  Machine Learning , Java"
75,Data Scientist,Clean Harbors India LLP,5-9 Years,Hyderabad / Secunderabad,"  Data Scientist , Python"
76,Internship in Machine Learning - 8755019090,Shri TirupatiI Balaji Education Foundation,0-5 Years,"Bengaluru / Bangalore, Chennai","  Machine Learning , Java"
77,Data Analyst / Fresher / Data Scientist / Graduate Fresher - MNC - 7303778896 | 9560245147,Structured Learning Assistance Consultants India Private Limited,0-5 Years,"Delhi, Gurgaon / Gurugram","  Freshers , Graduates , Graduate Fresher , Data Entry , Data Analysis , Mis , Market Research"
78,Job Opening for Data Scientist,Team Ace HR LLP,9-19 Years,"Mumbai, Mumbai City","  Data Analyst , Predictive Maintenance , Al , Visualization , R coding language ,"
79,Data Analyst / Fresher / Data Scientist / Graduate Fresher - MNC - 7303778896 | 9560245147,Structured Learning Assistance Consultants India Private Limited,0-5 Years,"Delhi, Ghaziabad","  Freshers , Graduates , Graduate Fresher , Data Entry , Data Analysis , Mis , Market Research"
80,Urgent opening for Lead Data Scientist for Bangalore location,Executive81 HR Solutions Private Limited,8-10 Years,Bengaluru / Bangalore,"  Unstructured Data options , Sql , Algorithm , Data Structure"
81,Internship in software engg. - 8755903284,Shri TirupatiI Balaji Education Foundation,0-5 Years,"Bengaluru / Bangalore, Chennai","  Machine Learning , Java , C"
82,Internship in Machine Learning & AI - 8755903284,Shri TirupatiI Balaji Education Foundation,0-5 Years,"Bengaluru / Bangalore, Chennai","  Machine Learning , Java"
83,Data Scientist,Encora Innovation Labs India Private Limited,3-6 Years,Bengaluru / Bangalore,"  Tensor Flow , NeuMF , Google Cloud API , Data Scientist , Algorithms , Nlp , Neural Networks"
84,Data Scientist Lead,Hikaho System Private Limited,8-13 Years,Chennai,"  Statistics , Engineering , Data Analysis , Language R , Data Science , Data Extraction"
85,Data Scientist,Banctec Tps India Private Limited,3-7 Years,Pune,"  TFIDF , Word2Vec , ELMO , Spacy , Python , AWS , Nlp"
86,Machine learning Specialsit,Novotree Minds Consulting Private Limited,2-4 Years,"Bengaluru / Bangalore, Chennai","  Machine Learning Specialist , Data Analyst , Data Scientist"
87,Data Analyst – Fresher – Data Scientist – Any Graduate - Fresher 6397800351 | 9717266846,Structured Learning Assistance Consultants India Private Limited,0-5 Years,"Delhi, Noida","  Data Analyst , MI report development , Data Scientist"
88,"Power Bi, Power BI Developer",Prismer Business Solutions Private Limited,3-7 Years,"Bengaluru / Bangalore, Chennai","  Power BI Developer , MSBI SSIS SSRS SSAS , MicrosoftBI , MSBI SSIS SSRS , MSBI SSIS SSRS Sql Server"
89,"Data Scientist (Python, Tensor Flow or PyTorch)",OMS Software Solutions India Private Limited,4-8 Years,Coimbatore,"  Tensor Flow , Statistics , Data Scientist , Python , Pytorch , Ml"
90,Data Analyst – Fresher – Data Scientist – Graduate - Fresher 7303778896 | 9560245147 | 6397800351,Structured Learning Assistance Consultants India Private Limited,0-5 Years,"Delhi, Gurgaon / Gurugram","  Freshers , Graduates , Graduate Fresher , Data Entry , Data Analysis , Mis , Market Research"
91,Data Analyst – Fresher – Data Scientist – Graduate - Fresher 7303778896 | 9560245147 | 6397800351,Structured Learning Assistance Consultants India Private Limited,0-5 Years,"Delhi, Noida","  Freshers , Graduates , Graduate Fresher , Data Entry , Data Analysis , Mis , Market Research"
92,data analyst,Yashodha S M (Proprietor Of Co Inter Technology),0-2 Years,Mumbai City,"  Data Analyst , Mis Executive , Reporting Analyst , Data Mining"
93,Data Scientist (Job Code : J42625),Sampoorna Consultants Private Limited,4-8 Years,Pune,  Data Science
94,senior data engineer,Krudh Solutions For Life Private Limited,6-10 Years,Hyderabad / Secunderabad,"  Healthcare , data factory , data bricks , Azure , Spark , Sql"
95,Data Scientist Machine Learning Python Tableau Telecom,Brain Management Consultants India Private Limited,10-15 Years,Pune,"  Telecom , Data Scientist , Machine Learning , Python , Tableau"
96,Data Scientist Python Machine Learning Tableau Server,Brain Management Consultants India Private Limited,10-15 Years,Pune,"  Data Scientist , Python , Machine Learning , Tableau Server"
97,Immediate openings for Data Scientist for Bangalore Location,US Tech Solutions Private Limited,4-14 Years,Bengaluru / Bangalore,"  ""Data Scientist"" , ""Data Science"" , ""machine Learning"" , ""Deep Learning"" , ""Text mining"""
98,Data Scientist- Face Recognition,Eminence core solutions LLP,2-5 Years,"Bengaluru / Bangalore, Pune","  Deep Learning frameworks , Data Scientist , Python , Nlp , Cnn , Rnn"
99,Data Scientist - C++ Programming,Eminence core solutions LLP,0-2 Years,"Bengaluru / Bangalore, Pune","  Data Scientist , C++ Programming , Tensorflow , Keras , Pytorch , Matlab , Python"
100,Sr. Data Engineer (Job Code : J42507A),Sampoorna Consultants Private Limited,6-12 Years,Bengaluru / Bangalore,"  Azure or AWS , Sql"
101,Data Scientist (Machine Learning Engineer),Acmeture Global Consulting Services,5-15 Years,Hyderabad / Secunderabad,"  Google Big Query , Cloud AutoML , Data Analysis , Data Scientist , Machine Learning"
102,IT Analyst,Riju Karan (Proprietor Of Toyota Climax India),0-2 Years,Hyderabad / Secunderabad,  IT Analyst
103,Decision Science Analyst,Snaphunt Pte Ltd,1-4 Years,Bengaluru / Bangalore,"  Business Analysis , Analytics , Pricing Analyst , Data Visualization"
104,Principal Data Scientist Engineer,Oracle,8-11 Years,Hyderabad / Secunderabad,"  Principal Data Scientist Engineer , Data Scientist"
105,Sr. Data Scientist,Microsoft,5-8 Years,"Hyderabad / Secunderabad, India","  Principal Data Scientist Engineer , Data Scientist"
106,Senior Data Scientist,Infoblox Technical Support And Software Development Private Limited,6-9 Years,"Bengaluru / Bangalore, India","  Principal Data Scientist Engineer , Data Scientist"
107,"Power Bi, Power BI Developer",Prismer Business Solutions Private Limited,3-7 Years,Hyderabad / Secunderabad,"  Power BI Developer , MSBI SSIS SSRS SSAS , MicrosoftBI , MSBI SSIS SSRS , MSBI SSIS SSRS Sql Server"
108,Data scientist,Agreeya Solutions India Private Limited,Not Specified,Bengaluru / Bangalore,  Data scientist
109,Data Scientist,Intel,Not Specified,"Penang, Bengaluru / Bangalore",  Data Scientist
110,Data Scientist,Agreeya Solutions India Private Limited,Not Specified,India,  Data Scientist
111,Data Scientist,Agreeya Solutions India Private Limited,4-7 Years,India,  Data Scientist
112,Data scientist,Larsen & Toubro Infotech Limited,4-8 Years,India,"  Analytical , statistical software , Advanced Analytics , Deep Learning , Artificial Intelligence"
113,Data Scientist,IBM,6-8 Years,Bengaluru / Bangalore,"  Analytical , statistical software , Advanced Analytics , Deep Learning , Artificial Intelligence"
114,Data Scientist,Disys India Private Limited,4-5 Years,US,"  Analytical , statistical software , Advanced Analytics , Deep Learning , Artificial Intelligence"
115,Data Scientist 1,PayPal,3-6 Years,Chennai,  Data Scientist 1
116,Data Scientist 1,PayPal,2-5 Years,Chennai,  Data Scientist 1
117,Data Scientist,Allerin Tech Private Limited,2-7 Years,"Mumbai, India","  R , D3.js , GGplot , Data Scientist , Machine Learning , Weka , Numpy , MatLab , Data Visualisation"
118,Data Scientist,Amazon,3-6 Years,Bengaluru / Bangalore,"  R , D3.js , GGplot , Data Scientist , Machine Learning , Weka , Numpy , MatLab , Data Visualisation"
119,"Data Scientist, Analytics",ANI Calls India Private Limited,5-8 Years,"Mumbai, India","  Analytics , Data Scientist"
120,"Data Scientist, Analytics",ANI Calls India Private Limited,5-8 Years,"Noida, India","  Analytics , Data Scientist"
121,ML Data Scientist,ANI Calls India Private Limited,6-12 Years,"Mumbai, India",  ML Data Scientist
122,Data Scientist,Amazon,5-8 Years,Hyderabad / Secunderabad,  ML Data Scientist
123,"Data Scientist, Analytics",ANI Calls India Private Limited,5-8 Years,"Chennai, India","  Analytics , Data Scientist"
124,Data Scientist II,Amazon,4-7 Years,Bengaluru / Bangalore,  Data Scientist II
125,Data Scientist - Analytics,Standard Chartered,8-11 Years,India,  Data Scientist - Analytics
126,"Data Scientist, Analytics, Engineer",ANI Calls India Private Limited,5-8 Years,"Bengaluru / Bangalore, India","  Analytics , Engineer , Data Scientist"
127,Data Scientist,21st Century Talent Services Private Limited,Not Specified,India,  Data Scientist
128,"opening For Data scientist,IIOT",Access Automation Private Limited,Not Specified,Bengaluru / Bangalore,  Data Scientist
129,Data Scientist,PayPal,2-5 Years,Chennai,  Data Scientist
130,Data Scientist,PayPal,1-3 Years,Chennai,  Data Scientist
131,Data Scientist & AI Expert,Siemens Technology,8-11 Years,India,  Data Scientist & AI Expert
132,Applied Scientist/Data Scientist,Amazon,Not Specified,Bengaluru / Bangalore,  Applied Scientist/Data Scientist
133,Data Scientist,Cognizant Technology Solutions India Pvt Ltd,Not Specified,Hyderabad / Secunderabad,  Data Scientist
134,Data Scientist,Amazon,5-8 Years,Pune,  Data Scientist
135,Data Scientist | Machine Learning Engineer,ANI Calls India Private Limited,5-8 Years,"Mumbai, India",  Data Scientist | Machine Learning Engineer
136,Data Scientist,Bajaj Allianz General Insurance Company Limited,3-7 Years,India,  Data Scientist | Machine Learning Engineer
137,Data Scientist,Mindtree Limited,12-16 Years,Bengaluru / Bangalore,  PEOPLE FUNCTION
138,Data Scientist,DELL,14-17 Years,"Bengaluru / Bangalore, India",  PEOPLE FUNCTION
139,KGS - Data Scientist - Consultant - Bangalore,KPMG,4-7 Years,Bengaluru / Bangalore,  KGS - Data Scientist - Consultant - Bangalore
140,Data Scientist - Analytics,Standard Chartered,8-11 Years,"Bengaluru / Bangalore, India",  Data Scientist - Analytics
141,Sr. Data Scientist,Amazon,4-7 Years,Bengaluru / Bangalore,  Sr. Data Scientist
142,Data Scientist,Inspirisys Solutions Limited,5-8 Years,Chennai,"  open source stack , Data Analysis , Data Scientist"
143,Senior Data Scientist,Infoblox Technical Support And Software Development Private Limited,6-9 Years,"Bengaluru / Bangalore, India","  open source stack , Data Analysis , Data Scientist"
144,Senior Data Scientist,Cognizant Technology Solutions India Pvt Ltd,Not Specified,Hyderabad / Secunderabad,  Senior Data Scientist
145,Senior Data Scientist,Cognizant Technology Solutions India Pvt Ltd,Not Specified,Chennai,  Senior Data Scientist
146,Data Scientist-Mumbai,Aditya Birla Group,3-5 Years,India,  Senior Data Scientist
147,Data Scientist Associate,JP Morgan Chase & Co.,3-6 Years,Mumbai,  Senior Data Scientist
148,Senior Data Scientist,Microsoft,5-8 Years,"Hyderabad / Secunderabad, India",  Senior Data Scientist
149,SR DATA Scientist,Larsen & Toubro Infotech Limited,5-9 Years,India,"  Data Analysis , Analytical , Manager Technology , Deep Learning , Data Science"
150,Data Scientist 1,PayPal,Not Specified,Chennai,  Data Scientist 1
151,Data Scientist,IBM,Not Specified,India,  Data Scientist 1
152,Data Scientist 1,PayPal,3-6 Years,Bengaluru / Bangalore,  Data Scientist 1
153,Senior Data Scientist,The HDFC Bank Limited,5-7 Years,"Mumbai, India",  Senior Data Scientist
154,Data Scientist - Analytics,Standard Chartered,Not Specified,India,  Data Scientist - Analytics
155,Data Scientist,Microsoft,Not Specified,"Hyderabad / Secunderabad, India",  Data Scientist - Analytics
156,Data Scientist 2,PayPal,Not Specified,Chennai,  Data Scientist 2
157,Associate Data Scientist I,UST Global Singapore Pte Limited,Not Specified,Thiruvananthapuram / Trivandrum,  Associate Data Scientist I
158,Lead Consultant - Data Scientist AI,Genpact,Not Specified,Noida,"  Lead Consultant - Data Scientist AI , Corporate"
159,Data Scientist 2,PayPal,5-8 Years,Bengaluru / Bangalore,  Data Scientist 2
160,Data Scientist - Analytics,Standard Chartered,Not Specified,"Bengaluru / Bangalore, India",  Data Scientist - Analytics
161,Associate Data Scientist II,UST Global Singapore Pte Limited,Not Specified,Thiruvananthapuram / Trivandrum,  Associate Data Scientist II
162,Data Scientist - AI/ML,Adobe Consultants And Outsourcing Private Limited,1-4 Years,Bengaluru / Bangalore,  Data Scientist - AI/ML
163,Data Engineer : Big Data [ Pan India],Transgnx HR Solutions Private Limited,6-7 Years,"Ahmedabad, Bengaluru / Bangalore","  R , Data Engineer , Big Data , Sql , Data Modeling , Data Warehousing , Python ,"
164,Senior Analyst - Data Scientist (Automotive),Markit HIS,3-6 Years,Bengaluru / Bangalore,"  R , Data Engineer , Big Data , Sql , Data Modeling , Data Warehousing , Python ,"
165,Senior Analyst - Data Scientist (Automotive),Markit HIS,3-6 Years,India,"  R , Data Engineer , Big Data , Sql , Data Modeling , Data Warehousing , Python ,"
166,Data Scientist I/II,Philips,7-12 Years,Bengaluru / Bangalore,  Data Scientist I/II
167,Data Scientist 1-1,PayPal,Not Specified,Chennai,  Data Scientist 1-1
168,Manager - Data Scientist,Genpact,Not Specified,Bengaluru / Bangalore,"  Manager - Data Scientist , Operations"
169,Sr Data Scientist-Digital Lending-DS-Mumbai,Aditya Birla Group,5-7 Years,India,"  Sr Data Scientist , Digital Lending , Credit , fraud risk , Regulatory Compliance"
170,Senior Data Scientist I,Philips,10-13 Years,Bengaluru / Bangalore,  Senior Data Scientist I
171,Senior Data Scientist Engineer,Oracle,5-8 Years,Hyderabad / Secunderabad,  Senior Data Scientist I
172,Lead Data Scientist,Superior Talent,8-11 Years,Bengaluru / Bangalore,  Senior Data Scientist I
173,Data Scientist II,Amazon,3-6 Years,Bengaluru / Bangalore,  Senior Data Scientist I
174,Senior Data Scientist,Microsoft,7-10 Years,"Hyderabad / Secunderabad, India",  Senior Data Scientist I
175,Delivery Data Scientist,Microsoft,Not Specified,"Hyderabad / Secunderabad, India",  Senior Data Scientist I
176,Senior Data Scientist,Microsoft,Not Specified,"Hyderabad / Secunderabad, India",  Senior Data Scientist I
177,Data Scientist-PL-Prime Markets,The HDFC Bank Limited,1-2 Years,"Mumbai, India",  Data Scientist-PL-Prime Markets
178,Senior Data Scientist,Techwave Consulting Inc,8-11 Years,"Hyderabad / Secunderabad, India","  Senior Data Scientist , Data Analysis , Machine Learning , Artificial Intelligence"
179,Data Scientist II,Amazon,5-8 Years,Bengaluru / Bangalore,"  Senior Data Scientist , Data Analysis , Machine Learning , Artificial Intelligence"
180,Senior Data Scientist,Microsoft,5-8 Years,"Hyderabad / Secunderabad, India","  Senior Data Scientist , Data Analysis , Machine Learning , Artificial Intelligence"
181,Data Scientist 2,Microsoft,2-5 Years,"Noida, India","  Senior Data Scientist , Data Analysis , Machine Learning , Artificial Intelligence"
182,Data Scientist II,Microsoft,4-7 Years,"Hyderabad / Secunderabad, India","  Senior Data Scientist , Data Analysis , Machine Learning , Artificial Intelligence"
183,Sr Data Scientist,Disys India Private Limited,11-14 Years,US,"  Senior Data Scientist , Data Analysis , Machine Learning , Artificial Intelligence"
184,Sr. Data Scientist,Superior Talent,5-8 Years,India,"  Senior Data Scientist , Data Analysis , Machine Learning , Artificial Intelligence"
185,Data Scientist I,UST Global Singapore Pte Limited,Not Specified,Pune,"  Senior Data Scientist , Data Analysis , Machine Learning , Artificial Intelligence"
186,Data Scientist,Barclays,Not Specified,"Pune, India",  Data Scientist
187,Data Scientist 4,Oracle,8-11 Years,Hyderabad / Secunderabad,  Data Scientist
188,Data Scientist Sales Reports and Analytics,DELL,Not Specified,"Bengaluru / Bangalore, India",  Data Scientist
189,Lead Data Scientist,Freshworks,Not Specified,"Bengaluru / Bangalore, India",  Data Scientist
190,Media Data Scientist,Freshworks,5-7 Years,"Bengaluru / Bangalore, India",  Data Scientist
191,Senior Data Scientist,ANI Calls India Private Limited,6-8 Years,"Noida, India",  Senior Data Scientist
192,Data Scientist,Golden Opportunities Private Limited,4-8 Years,Bengaluru / Bangalore,"  R , IT , Software , Data Scientist , Sql , Python , Information Technology"
193,Data Scientist,Harjai Computers Private Limited,2-3 Years,"Mumbai, Navi Mumbai","  Data Scientist , SQL Server , Python"
194,Data Scientist/Product Manager/Strategy 4-ProdDev,Oracle,5-8 Years,Bengaluru / Bangalore,"  jupyter , Data Scientist , Product Manager , Git , Python , Spark , Machine Learning"
195,Data Scientist,Techwave Consulting Inc,5-7 Years,Hyderabad / Secunderabad,"  A/B testing framework , R , SLQ , Data Scientist , Python , C , C++ , Java , Javascript"
196,Lead Data Scientist,Cognizant Technology Solutions India Pvt Ltd,Not Specified,Hyderabad / Secunderabad,  Lead Data Scientist
197,Data Scientist 2,PayPal,Not Specified,Chennai,  Data Scientist 2
198,Data Scientist,JP Morgan Chase & Co.,3-6 Years,Bengaluru / Bangalore,"  Data Analysis , R , story telling capabilities , Data Scientist , Machine Learning"
199,Associate Data Scientist II,UST Global Singapore Pte Limited,Not Specified,Pune,"  Data Analysis , R , story telling capabilities , Data Scientist , Machine Learning"
200,Associate Data Scientist II,UST Global Singapore Pte Limited,Not Specified,Pune,"  Data Analysis , R , story telling capabilities , Data Scientist , Machine Learning"
201,Data Scientist,Hitachi,Not Specified,"Hyderabad / Secunderabad, India",  Data Scientist
202,Data Scientist,Hitachi,Not Specified,"Pune, India",  Data Scientist
203,Data-Scientist Lead,ANI Calls India Private Limited,3-6 Years,"Hyderabad / Secunderabad, India",  Data-Scientist Lead
204,Data Scientist Senior,ANI Calls India Private Limited,5-8 Years,"Mumbai, India",  Data Scientist Senior
205,Data Scientist Senior,ANI Calls India Private Limited,5-8 Years,"Chennai, India",  Data Scientist Senior
206,People Data Scientist,Micron Semiconductor Asia Operations Pte. Ltd,4-7 Years,"Hyderabad / Secunderabad, India",  People Data Scientist
207,Data Scientist-Advanced Analytics,Harjai Computers Private Limited,3-6 Years,Mumbai,  Spss
208,Data Scientist,Hitachi,Not Specified,"Bengaluru / Bangalore, India",  Data Scientist
209,Data Scientist,Amazon,5-8 Years,Hyderabad / Secunderabad,"  Data Processing , Data Scientist , Sql , No Sql , Dbms , Hadoop , Spark , Elasticsearch"
210,SAS Data Scientist/Modeler,ANI Calls India Private Limited,6-8 Years,"Hyderabad / Secunderabad, India",  SAS Data Scientist/Modeler
211,Senior Data Scientist Engineer,Oracle,5-8 Years,Hyderabad / Secunderabad,  SAS Data Scientist/Modeler
212,Data Scientist Senior,ANI Calls India Private Limited,5-8 Years,"Hyderabad / Secunderabad, India",  Data Scientist Senior
213,Data Scientist Senior,ANI Calls India Private Limited,5-8 Years,"Bengaluru / Bangalore, India",  Data Scientist Senior
214,Global Medical Data Scientist,GlaxoSmithKline Pte Ltd,5-8 Years,"Bengaluru / Bangalore, India",  Data Scientist Senior
215,Data Scientist Senior,ANI Calls India Private Limited,5-8 Years,"Noida, India",  Data Scientist Senior
216,Data Scientist Lead,ANI Calls India Private Limited,3-7 Years,"Hyderabad / Secunderabad, India",  Data Scientist Lead
217,Assistant Manager Ard/adl (analytical Research& Development),S R Recruiters,5-10 Years,Amritsar,  Analytics Management Data Scientist
218,Associate Data Scientist II,UST Global Singapore Pte Limited,Not Specified,Pune,  Analytics Management Data Scientist
219,Sales Development Data Scientist,Freshworks,Not Specified,"Bengaluru / Bangalore, India",  Analytics Management Data Scientist
220,Data Scientist,Cognizant Technology Solutions India Pvt Ltd,Not Specified,Chennai,  Analytics Management Data Scientist
221,Senior Data Scientist,PayPal,5-8 Years,Chennai,  Senior Data Scientist
222,Senior Data Scientist,ANI Calls India Private Limited,8-10 Years,"Chennai, India",  Senior Data Scientist
223,Data Scientist,Virtusa Software Services Private Limited,9-14 Years,Chennai,"  R , Sales , Presales , Data Science , Artificial Intelligence , Neural Networks , Text Mining"
224,Manager - Data Scientist,Genpact,Not Specified,Bengaluru / Bangalore,"  Manager - Data Scientist , Operations"
225,Manager - Data Scientist,Genpact,Not Specified,Bengaluru / Bangalore,"  Manager - Data Scientist , Operations"
226,Data Scientist,Markit HIS,3-6 Years,Gurgaon / Gurugram,"  Manager - Data Scientist , Operations"
227,Data Scientist Engineer,ANI Calls India Private Limited,5-9 Years,"Noida, India",  Data Scientist Engineer
228,Data Scientist-2,PayPal,Not Specified,Chennai,  Data Scientist-2
229,Data Scientist,IBM,Fresher,Gurgaon / Gurugram,"  Development , Analytics , implementing , Design , Data Scientist , Automation"
230,Data Scientist /software,ANI Calls India Private Limited,5-9 Years,"Bengaluru / Bangalore, India",  Data Scientist /software
231,Data Scientist / Machine,ANI Calls India Private Limited,5-9 Years,"Chennai, India",  Data Scientist / Machine
232,Senior Data Scientist,ANI Calls India Private Limited,8-10 Years,"Bengaluru / Bangalore, India",  Senior Data Scientist
233,Manager - Data Scientist,Genpact,Not Specified,Bengaluru / Bangalore,"  Manager - Data Scientist , Digital"
234,Data Scientist - B3/4/5/6,Stalwart management consulting,2-15 Years,Pune,"  R , Sql , Data Scientist"
235,Data Scientist - AI/ML Specialist,ANI Calls India Private Limited,8-10 Years,"Noida, India",  Data Scientist - AI/ML Specialist
236,Deep Learning Specialist(Data Scientist),Standard Chartered,Not Specified,"Chennai, India",  Deep Learning Specialist(Data Scientist)
237,Manager - Data Scientist,Genpact,Not Specified,Bengaluru / Bangalore,"  Manager - Data Scientist , Digital"
238,Data Scientist-1,PayPal,Not Specified,Chennai,  Data Scientist-1
239,SA - Data Scientist,Golden Opportunities Private Limited,6-9 Years,Chennai,"  R , Data Scientist , Sql , Python , Scala , Tableau , Hadoop , Spark"
240,Data Scientist-ML,Vodafone,6-9 Years,India,  Data Scientist-ML
241,Senior Data Scientist-1,PayPal,5-8 Years,Chennai,  Senior Data Scientist-1
242,Data Scientist / NLP specialist,ANI Calls India Private Limited,5-9 Years,"Mumbai, India",  Data Scientist / NLP specialist
243,"Senior Data Scientist,analyst",ANI Calls India Private Limited,8-10 Years,"Mumbai, India","  Senior Data Scientist , analyst"
244,Manager - Data Scientist,Genpact,Not Specified,"Noida, India","  Manager - Data Scientist , Operations"
245,Data Scientist - Technology Development,Micron Semiconductor Asia Operations Pte. Ltd,5-8 Years,"Hyderabad / Secunderabad, India",  Data Scientist - Technology Development
246,SAS Data Scientist/Modeler engineer,ANI Calls India Private Limited,6-8 Years,"Chennai, India",  SAS Data Scientist/Modeler engineer
247,Data Scientist,Amazon,4-7 Years,Bengaluru / Bangalore,"  Data Scientist , Python , Perl , Scala , Java , C# , C++"
248,Data Scientist-ML,Vodafone,6-9 Years,India,  Data Scientist-ML
249,Data Scientist / NLP /engineer,ANI Calls India Private Limited,5-9 Years,"Chennai, India",  Data Scientist / NLP /engineer
250,Manager - Data Scientist,Golden Opportunities Private Limited,9-13 Years,Chennai,"  Manager , R , Data Scientist , Sql , Python , Business Intelligence Tools , Hadoop"
251,Senior Data Scientist,Amazon,6-9 Years,Bengaluru / Bangalore,"  Senior Data Scientist , Ml , Python , Sql"
252,Data Scientist - Immediate For Altimetrik,Altimetrik India Private Limited,5-9 Years,Chennai,"  Data Science , Data Scientist"
253,Assistant Manager - Data Scientist,Genpact,Not Specified,Bengaluru / Bangalore,"  Assistant Manager - Data Scientist , Operations"
254,Business Analyst - Data Scientist,Genpact,Not Specified,Bengaluru / Bangalore,"  Business Analyst - Data Scientist , Operations"
255,TTS -ASIA-Data Scientist-Celonis,Citi,7-8 Years,Pune,"  Business Analyst - Data Scientist , Operations"
256,Deep Learning Specialist(Data Scientist),Standard Chartered,Not Specified,India,  Deep Learning Specialist(Data Scientist)
257,Data Scientist Lead,Talent HR Networks Private Limited,7-10 Years,"Mumbai, Pune",  Deep Learning Specialist(Data Scientist)
258,Principle Data Scientist,Larsen & Toubro Infotech Limited,10-15 Years,India,"  Rf , Cloud Computing , Automation , Nosql , Coding , Machine Learning , Linear Regression"
259,Lead – Data Scientist – Emerging business/Core business Mumbai,Talent Leads HR Solutions Private Limtied,7-10 Years,"Mumbai, India","  R , Social Media , thought leadership , Data Science , Algorithms , Artificial Intelligence"
260,Assistant Manager - Data Scientist,Genpact,Not Specified,Noida,"  Assistant Manager - Data Scientist , Operations"
261,ML Engineer/ Data Scientist Engineer,ANI Calls India Private Limited,5-8 Years,"Hyderabad / Secunderabad, India",  ML Engineer/ Data Scientist Engineer
262,"Data Scientist II, Gift Cards",Amazon,Not Specified,Bengaluru / Bangalore,"  Data Scientist , Redshift , Sql , Etl , Data Warehouse , Python , Vba , Ec2 , Dynamodb"
263,People Data Scientist,Micron,4-7 Years,Hyderabad / Secunderabad,"  Scientific , Semiconductor , Market Research , Scientist , Technology , Engineering"
264,Assistant Manager - Data Scientist,Genpact,Not Specified,Bengaluru / Bangalore,"  Assistant Manager - Data Scientist , Digital"
265,Senior Manager - Data Scientist,Genpact,Not Specified,Bengaluru / Bangalore,"  Senior Manager - Data Scientist , Digital"
266,Data Scientist / Machine Learning,ANI Calls India Private Limited,5-9 Years,"Noida, India",  Data Scientist / Machine Learning
267,Sr Data Scientist,Techwave Consulting Inc,5-7 Years,Hyderabad / Secunderabad,"  Data Scientist , C , C++ , Java , Javascript , Machine Learning , Python , Web Services"
268,Data Scientist Senior Advisor Sales Reports and Analytics,DELL,Not Specified,"Bengaluru / Bangalore, India","  Data Scientist , C , C++ , Java , Javascript , Machine Learning , Python , Web Services"
269,Data Scientist IV,Conduent,10-15 Years,"Bengaluru / Bangalore, India","  Data Scientist , C , C++ , Java , Javascript , Machine Learning , Python , Web Services"
270,Senior Manager - Data Scientist,Genpact,Not Specified,Noida,"  Senior Manager - Data Scientist , Operations"
271,Assistant Manager - Data Scientist,Genpact,Not Specified,Gurgaon / Gurugram,"  Assistant Manager - Data Scientist , Digital"
272,Business Analyst - Data Scientist,Genpact,Not Specified,Bengaluru / Bangalore,"  Business Analyst - Data Scientist , Digital"
273,Data Scientist -GCP,Oloop Technology Solutions Private Limited,8-15 Years,"Hyderabad / Secunderabad, India","  Scientist , Data Processing , Data Scientist , Data Management"
274,Senior Data Scientist,Oracle,5-8 Years,Bengaluru / Bangalore,"  Senior Data Scientist , R , Python , data mining"
275,Data Scientist / Machine Learning Expert,ANI Calls India Private Limited,5-9 Years,"Hyderabad / Secunderabad, India",  Data Scientist / Machine Learning Expert
276,Business Analyst - Data Scientist Engineer,ANI Calls India Private Limited,5-7 Years,"Hyderabad / Secunderabad, India",  Business Analyst - Data Scientist Engineer
277,Data Scientist / Machine Learning Expert,ANI Calls India Private Limited,5-9 Years,"Mumbai, India",  Data Scientist / Machine Learning Expert
278,ML Engineer/ Data Scientist engineer,ANI Calls India Private Limited,5-8 Years,"Chennai, India",  ML Engineer/ Data Scientist engineer
279,Data Scientist / Machine Learning Expert,ANI Calls India Private Limited,5-9 Years,"Bengaluru / Bangalore, India",  Data Scientist / Machine Learning Expert
280,"Jr.Data Scientist, Rider Analytics",ANI Calls India Private Limited,8-10 Years,"Hyderabad / Secunderabad, India","  Jr.Data Scientist , Rider Analytics"
281,Senior Data Scientist,Vmware,Not Specified,Bengaluru / Bangalore,"  R , Tensor flow , Data Scientist , SAS , Python , Machine Learning , Pyspark , Presto"
282,Senior Data Scientist,IBM,Fresher,Mumbai,"  Intelligent Automation , data lake design , Data Scientist , Machine Learning"
283,Senior Manager - Data Scientist Collections,Genpact,Not Specified,Bengaluru / Bangalore,"  Senior Manager - Data Scientist Collections , Digital"
284,Senior Data Scientist,DELL,Not Specified,Bengaluru / Bangalore,"  Senior Data Scientist , Tensor flow , R , Cloudant , Keras , Pytorch , SAS , Python"
285,Data Scientist - Technical Lead,Mindtree Limited,7-12 Years,Bengaluru / Bangalore,"  R , Sql , Python , Scala , Tableau"
286,Data Scientist Intern,Amazon,Not Specified,Bengaluru / Bangalore,"  Data Scientist Intern , MXNet , R , Machine Learning , Tensorflow , Apache Spark"
287,Data Science-DL-Mumbai,Aditya Birla Group,3-5 Years,Other India,"  R , Data Science , Data Scientist , Python"
288,Senior Data Scientist,GrabTaxi Pte Ltd,Fresher,Other India,"  R , Data Scientist , Python , Scala , Predictive Modeling , Tensorflow"
289,ML Engineer/ Data Scientist lead Engineer,ANI Calls India Private Limited,5-8 Years,"Mumbai, India",  ML Engineer/ Data Scientist lead Engineer
290,Data Scientist: Advanced Analytics,IBM,10-13 Years,Mumbai,"  SAS Developer , SAS e-Miner , Data Scientist , Advanced Analytics , Base Sas"
291,"Senior Data Scientist, Rider Analytics/associate consultant",ANI Calls India Private Limited,8-10 Years,"Noida, India","  Senior Data Scientist , Rider Analytics/associate consultant"
292,Senior Principal Software Engineer - IT (Data Scientist),DELL,10-13 Years,"Bengaluru / Bangalore, India",  Senior Principal Software Engineer - IT (Data Scientist)
293,"Data Scientist III, Gift Cards",Amazon,8-11 Years,Bengaluru / Bangalore,  Senior Principal Software Engineer - IT (Data Scientist)
294,Data Scientist – 2+yrs – Bangalore,Angel & Genie,2-5 Years,Bengaluru / Bangalore,"  Map Reduce , Data Scientist , Sql , Python , Spark , Hadoop , Aws Redshift , PostgreSQL"
295,Snr Data Scientist-NBFC(Financial services)-Bangalore,Angel & Genie,10-13 Years,Bengaluru / Bangalore,"  Data Analysis , Airflow , Data Scientist , AWS , Git , Pyspark , Machine Learning"
296,Sr. Data Scientist- 12-15 Years- Noida/ Hyderabad,Careator Technologies Private Limited,Not Specified,"Hyderabad / Secunderabad, India",  Sr. Data Scientist- 12-15 Years- Noida/ Hyderabad
297,Data & Applied Scientist,Microsoft,5-8 Years,"Hyderabad / Secunderabad, India",  Sr. Data Scientist- 12-15 Years- Noida/ Hyderabad
298,Software Developer,UST Global Singapore Pte Limited,Not Specified,Bengaluru / Bangalore,  Software Developer
299,Data & Applied Scientist,Microsoft,6-9 Years,"Hyderabad / Secunderabad, India",  Software Developer
300,Data Scientist_5+_Chennai_perm,Arminus Software Private Limited,Fresher,Chennai,"  Go , Data Scientist , C++ , Java , Tensorflow , Pytorch , Machine Learning , AWS"
301,Product development Data Scientist ML,CareerXperts Consulting,4-7 Years,Bengaluru / Bangalore,"  Analytical , Product Design , high performance computing , Unix , Git , Machine Learning"
302,Principal Data Scientist,Markit HIS,5-8 Years,Other India,"  R , M Matlab , ETL processes , Data Scientist , Knime , Oracle Db , SQL Server , MongoDB"
303,Data Engineer,Amazon,Fresher,Bengaluru / Bangalore,"  Projects , Implementation , business analyst , Data Engineer , Data Architecture"
304,Data Scientist Embedded Systems Innovation,CareerXperts Consulting,3-7 Years,India,"  Analytical , Consulting , Product Design , high performance computing , Unix"
305,Data Scientist Embedded Systems Innovation,CareerXperts Consulting,3-7 Years,Bengaluru / Bangalore,"  Analytical , Product Design , high performance computing , Unix , Ubuntu , Git"
306,Data Scientist - Job Code(NLP-18),UVJ Technologies Private Limited,2-4 Years,India,"  Ai , Naturallanguageprocessing , Machinelearning , Nosqldatabases , Python"
307,Analyst Data Science (Risk/Fraud) AI ML based startup Magarpatta Pune,Seventh Contact Hiring Solutions,3-8 Years,Pune,"  Banglore , Magarpatta , Statistical Modeling , Consumer Banking , model development"
308,Data Analyst/ Scientist,ANI Calls India Private Limited,5-9 Years,"Noida, India",  Data Analyst/ Scientist
309,Senior Developer / Data Engineer/ Data Scientist,Agreeya Solutions India Private Limited,2-5 Years,Hyderabad / Secunderabad,  Data Analyst/ Scientist
310,FTE_Data Science(Deep Learning/Data Scientist)_A/SA/M_BLR_Ponnarasu,Arminus Software Private Limited,Not Specified,"Chennai, Pune",  FTE_Data Science(Deep Learning/Data Scientist)_A/SA/M_BLR_Ponnarasu
311,Specialist II - Software Engineering,UST Global Singapore Pte Limited,12-15 Years,Bengaluru / Bangalore,"  -Data Engineer , R , Software Engineering , Data Architect , Data Scientist , Python"
312,Senior Associate - Data Scientist/ML Engineer – Digital Factory - Bangalore,PwC,8-11 Years,Bengaluru / Bangalore,  Technology Strategy
313,Data Engineering / Data Analyst/ Data Scientist,iQuest Management Consultants Private Limited,1-5 Years,Chennai,"  R , Data Analysis , Data Science , Pandas , data engineering , Etl , Python"
314,Data Scientist - Decision Systems/Machine Learning/Deep Learning,Oracle,3-6 Years,Bengaluru / Bangalore,"  Decision Systems , Data Scientist , Machine Learning , Deep Learning , Artificial Intelligence"
315,Scientific Research Data Scientist R&D,CareerXperts Consulting,4-7 Years,Bengaluru / Bangalore,"  Analytical , Consulting , Product Design , high performance computing , Unix"
316,Sr.Data Analyst/ Scientist,ANI Calls India Private Limited,5-9 Years,"Bengaluru / Bangalore, India",  Sr.Data Analyst/ Scientist
317,Principal Data & Applied Scientist,Microsoft,Not Specified,"Bengaluru / Bangalore, India",  Sr.Data Analyst/ Scientist
318,Senior Data & Applied Scientist,Microsoft,Not Specified,"Bengaluru / Bangalore, India",  Sr.Data Analyst/ Scientist
319,Data & Applied Scientist 2,Microsoft,Not Specified,"Bengaluru / Bangalore, India",  Sr.Data Analyst/ Scientist
320,Data & Applied Scientist Manager,Microsoft,6-9 Years,"Hyderabad / Secunderabad, India",  Sr.Data Analyst/ Scientist
321,Principal Data Scientist Engineer,Oracle,8-11 Years,Hyderabad / Secunderabad,"  Data Scientist Engineer , Data Analysis , Data Science"
322,ML Engineer/Statistician/Data Scientist Pre - IPO Unicorn,CareerXperts Consulting,3-5 Years,Bengaluru / Bangalore,"  Computer Science , Analytical Skills , Consulting , Mathematics , Statistics , Distribution System"
323,"Senior Data Scientist, Advanced Analytics",Markit HIS,7-10 Years,Bengaluru / Bangalore,"  Computer Science , Analytical Skills , Consulting , Mathematics , Statistics , Distribution System"
324,Data Scientist - Decision Systems/Machine Learning/Deep Learning,Oracle,1-4 Years,Bengaluru / Bangalore,"  Computer Science , Analytical Skills , Consulting , Mathematics , Statistics , Distribution System"
325,Data Scientist (Solution/Model Building)- Jamshedpur -6yrs-10yrs,2COMS Consulting Private Limited,6-9 Years,Jamshedpur,"  Solutions , Statistical , Deep Leaning , Neural , Algorithms , Nlp , Image Processing"
326,AI / ML Data Scientist - Democratize commerce through Technology,CareerXperts Consulting,2-7 Years,Noida,"  Computer Science , Analytical , Consulting , Analytics , System Architecture , C++"
327,CN - Strategy - MC - T&O - OA Data Scientist (NLP) - 11,Accenture,7-10 Years,Gurgaon / Gurugram,  Management Consulting
328,Associate Partner -AI & Analytics LT00,IBM,Not Specified,Mumbai,  Associate Partner -AI & AnalyticsLT00
329,"Data Scientist (iot) - Product Based IT MNC, Bopodi, Pune",Seventh Contact Hiring Solutions,7-12 Years,Pune,"  Bopodi , supervised learning , Languages , Pune , Java , Machine Learning , Deep Learning"
330,Consultant- IoT_MeitY Project_SM,Arminus Software Private Limited,Not Specified,Delhi,"  Bopodi , supervised learning , Languages , Pune , Java , Machine Learning , Deep Learning"
331,CN - Strategy - MC - T&O - OA Data Scientist (Advanced Analytics) - 11,Accenture,7-10 Years,Gurgaon / Gurugram,  Management Consulting
332,CN - Strategy - MC - T&O - OA Data Scientist (Advanced Analytics) - 11,Accenture,7-10 Years,Gurgaon / Gurugram,  Management Consulting
333,Machine Learning-Any Location,Arminus Software Private Limited,Not Specified,"Chennai, Pune",  Machine Learning-Any Location
334,CN - Strategy - MC - T&O - OA Data Scientist (Behavioral Science) - 09,Accenture,7-10 Years,Gurgaon / Gurugram,  Management Consulting
335,Data and Applied Scientist,Microsoft,7-10 Years,"Hyderabad / Secunderabad, India",  Management Consulting
336,Senor Data Science Engineer,Cognizant Technology Solutions India Pvt Ltd,Not Specified,Coimbatore,  Senor Data Science Engineer
337,Data and Applied Scientist - 2,Microsoft,4-7 Years,"Hyderabad / Secunderabad, India",  Senor Data Science Engineer
338,Senior Data and Applied Scientist,Microsoft,Not Specified,"Bengaluru / Bangalore, India",  Senor Data Science Engineer
339,Specialist Data Science,Angel Broking,2-7 Years,"Mumbai, India",  Specialist Data Science
340,Developer Analyst II,Wipro Limited,5-7 Years,Chennai,  Developer Analyst II
341,Business Analyst - Data Science,Genpact,Not Specified,Bengaluru / Bangalore,"  Business Analyst - Data Science , Corporate"
342,Practice Leader,Coforge,Not Specified,"Noida, India","  ASSET MANAGEMENT (FINANCE DOMAIN) , Power BI(D&A) , PL/SQL , Big Data , Python Programming"
343,SAS grid computing environment,ANI Calls India Private Limited,6-8 Years,"Bengaluru / Bangalore, India",  SAS grid computing environment
344,Python Programming Language Application Lead,Accenture,6-8 Years,Gurgaon / Gurugram,  Software Engineering
345,Business Analyst II,DELL,3-6 Years,Bengaluru / Bangalore,  Software Engineering
346,Business Analyst II,Vmware,3-6 Years,Bengaluru / Bangalore,  Software Engineering
347,Data Engineer II,Amazon,3-6 Years,Hyderabad / Secunderabad,  Software Engineering
348,Python Programming Language Application Lead,Accenture,8-10 Years,Gurgaon / Gurugram,  Software Engineering
349,Big Data Architect,IBM,Not Specified,Gurgaon / Gurugram,  Software Engineering
350,Data Engineer,Angel Broking,2-7 Years,"Mumbai, India",  Data Engineer
351,Sr. Data Manager - Clinical Data Sciences,Pfizer Asia Pacific Pte Ltd,Not Specified,"Chennai, India",  Data Engineer
352,Sr. Data Manager - Clinical Data Sciences,Pfizer Asia Pacific Pte Ltd,Not Specified,"Chennai, India",  Data Engineer
353,Sr. Business Intelligence Engineer,Amazon,10-13 Years,Bengaluru / Bangalore,  Data Engineer
354,Business Intelligence Engineer (DEL/BLR/MUM),Amazon,10-13 Years,Gurgaon / Gurugram,  Business Intelligence Engineer (DEL/BLR/MUM)
355,AI Machine Learning Architect,Lenovo India Private Limited,8-11 Years,"Bengaluru / Bangalore, India",  Business Intelligence Engineer (DEL/BLR/MUM)
356,Business Intelligence Unit-HO & SUPPORT-BIU (Business Intelligence Unit),Kotak Mahindra Bank Limited,6-8 Years,"Mumbai, India",  Business Intelligence Engineer (DEL/BLR/MUM)
357,Data Science Application Lead,Accenture,12-15 Years,Mumbai,  Software Engineering
358,TL-AI-ML PlatfrmArchitctDataStrat,The HDFC Bank Limited,15-16 Years,"Mumbai, India",  TL-AI-ML PlatfrmArchitctDataStrat
359,Data Engineer - Consumer Technology,Goldman Sachs Services Private Limited,6-9 Years,"Bengaluru / Bangalore, India",  TL-AI-ML PlatfrmArchitctDataStrat
360,Machine Learning Engineer,Standard Chartered,6-8 Years,India,  Machine Learning Engineer
361,Data Engineer - Consumer Lending,Goldman Sachs Services Private Limited,3-6 Years,"Bengaluru / Bangalore, India",  Machine Learning Engineer
362,Data Science,Accenture,15-18 Years,Hyderabad / Secunderabad,  Analytics and Insights
363,Data Engineer - Consumer Technology,Goldman Sachs Services Private Limited,3-6 Years,"Bengaluru / Bangalore, India",  Analytics and Insights
364,Data Engineer - Consumer Technology,Goldman Sachs Services Private Limited,3-6 Years,"Bengaluru / Bangalore, India",  Analytics and Insights
365,SAS grid computing environment,ANI Calls India Private Limited,6-8 Years,"Hyderabad / Secunderabad, India",  SAS grid computing environment
366,SAS grid computing,ANI Calls India Private Limited,6-8 Years,"Chennai, India",  SAS grid computing
367,SAS grid environment,ANI Calls India Private Limited,6-8 Years,"Mumbai, India",  SAS grid environment
368,SAS grid consultant,ANI Calls India Private Limited,6-8 Years,"Noida, India",  SAS grid consultant
369,Data Science for AI/Advance Analytic,Genpact,Not Specified,Hyderabad / Secunderabad,"  Data Science for AI/Advance Analytic , Corporate"
370,Associate (Data Science/Analytics) – 3-5yrs Exp – Bangalore – Salary As per Industry Standards,Angel & Genie,3-5 Years,Bengaluru / Bangalore,"  Data Science for AI/Advance Analytic , Corporate"
371,Senior Data Engineer,Amazon,5-8 Years,Hyderabad / Secunderabad,"  Data Science for AI/Advance Analytic , Corporate"
372,"ES Tech, Data Engineer",Amazon,3-6 Years,Bengaluru / Bangalore,"  ES Tech , Data Engineer"
373,Machine Learning Application Developer,Accenture,8-10 Years,Bengaluru / Bangalore,  Software Engineering
374,Recruiting Data Engineering Lead,Accenture,Not Specified,India,  Analytics and Insights
375,Machine Learning Engineer,Standard Chartered,6-8 Years,"Bengaluru / Bangalore, India",  Machine Learning Engineer
376,Machine Learning Application Developer,Accenture,6-8 Years,Bengaluru / Bangalore,  Software Engineering
377,Data Manager - Clinical Data Sciences,Pfizer Asia Pacific Pte Ltd,4-7 Years,"Chennai, India",  Software Engineering
378,"Solution Architect,Smart MFG & AI",Micron,5-8 Years,Hyderabad / Secunderabad,"  Architecture , Developer , Computer Science , Technology , Engineering , Solution Architect"
379,Data Engineer - Analytics,Standard Chartered,Not Specified,"Bengaluru / Bangalore, India",  Data Engineer - Analytics
380,Data Engineer - Analytics,Standard Chartered,Not Specified,India,  Data Engineer - Analytics
381,Customer Success Account Manager - Global Enterprise Accounts,Microsoft,5-8 Years,India,  Data Engineer - Analytics
382,Assistant Manager - Data Science,Genpact,Not Specified,Bengaluru / Bangalore,"  Assistant Manager - Data Science , Operations"
383,ui ux dev,Randstad,8-11 Years,Chennai,  ui ux dev
384,FIF Market Making PM,Barclays,10-13 Years,"Pune, India",  FIF Market Making PM
385,Software Engineer,CareerXperts Consulting,4-7 Years,Bengaluru / Bangalore,"  Backend , Analytical , Consulting , Unix , Ubuntu , C++ , Git , Debugging , Machine Learning"
386,Manager - Data Science,Genpact,Not Specified,Bengaluru / Bangalore,"  Manager - Data Science , Operations"
387,Risk - Corporate Risk - Wholesale Credit Solutions - Data Science - Associate,JP Morgan Chase & Co.,4-7 Years,Mumbai,"  Risk , Corporate Risk , Wholesale Credit Solutions , Associate , Credit Risk , Data Science"
388,Python Programming Language Application Support Engineer,Accenture,6-8 Years,Bengaluru / Bangalore,  Software Engineering
389,Hiring BPO solutions Leader For Leading German based Firm !!,Rivera Manpower Services,4-7 Years,"Pune, India",  Hiring BPO solutions Leader For Leading German based Firm !!
390,Data Engineer: Big Data,IBM,7-9 Years,Bengaluru / Bangalore,  Data Engineer: Big Data
391,Cloud Solution Architect - Infrastructure,Microsoft,Not Specified,"Bengaluru / Bangalore, India",  Data Engineer: Big Data
392,Risk- Consumer&Community Banking - Quantitative Modeling - Associate,JP Morgan Chase & Co.,3-6 Years,Bengaluru / Bangalore,  Risk- Consumer&Community Banking - Quantitative Modeling - Associate
393,Senior Manager - Data Science,Genpact,Not Specified,Bengaluru / Bangalore,"  Senior Manager - Data Science , Operations"
394,Data engineer,Amazon,7-10 Years,Bengaluru / Bangalore,"  Senior Manager - Data Science , Operations"
395,"Senior Advisor, E-Business Analytics",DELL,9-12 Years,"Bengaluru / Bangalore, India","  Senior Advisor , E-Business Analytics"
396,Business Intelligence Engineer,Amazon,3-6 Years,Pune,"  Senior Advisor , E-Business Analytics"
397,Business Analyst - SQL Developer,Genpact,Not Specified,Bengaluru / Bangalore,"  Business Analyst - SQL Developer , Operations"
398,Advanced Analytics Cons 3,Wells Fargo,3-8 Years,Bengaluru / Bangalore,"  Business Analyst - SQL Developer , Operations"
399,Advanced Analytics Cons 2,Wells Fargo,1-4 Years,Bengaluru / Bangalore,"  Business Analyst - SQL Developer , Operations"
400,Assistant Manager - SQL Developer,Genpact,Not Specified,Bengaluru / Bangalore,"  Assistant Manager - SQL Developer , Operations"
401,Advanced Analytics Cons 3,Wells Fargo,3-8 Years,Bengaluru / Bangalore,"  Assistant Manager - SQL Developer , Operations"
402,Solution Architect,Prosum Technology Services,Not Specified,India,"  Assistant Manager - SQL Developer , Operations"
403,"BIG DATA ENGINEER, SMART MFG & AI",Micron,0-7 Years,Hyderabad / Secunderabad,"  Manufacturing Engineer , Engineer , Electrical , Business Intelligence , Technology"
404,Business Intelligence Advisor,DELL,7-10 Years,"Bengaluru / Bangalore, India","  Manufacturing Engineer , Engineer , Electrical , Business Intelligence , Technology"
405,Data Integration Specialist,Amazon,6-9 Years,Bengaluru / Bangalore,"  Manufacturing Engineer , Engineer , Electrical , Business Intelligence , Technology"
406,Data Analyst,PayPal,Not Specified,Bengaluru / Bangalore,  Data Analyst
407,Data Integration Specialist,Amazon,6-9 Years,Bengaluru / Bangalore,  Data Analyst
408,Analytic Consultant 4,Wells Fargo,6-9 Years,Bengaluru / Bangalore,  Data Analyst
409,Data engineer,Amazon,7-10 Years,Bengaluru / Bangalore,  Data Engineer
410,Business Intelligence Engineer,Amazon,2-5 Years,Pune,  Data Engineer
411,Business Intelligence Engineer,Amazon,3-6 Years,Pune,  Data Engineer
412,Data Integration Specialist,Amazon,8-11 Years,Bengaluru / Bangalore,  Data Engineer
413,Data Engineer for AI/Advance Analytic,Genpact,2-5 Years,Hyderabad / Secunderabad,"  Data Engineer for AI/Advance Analytic , Corporate"
414,Data Integration Specialist,Amazon,13-16 Years,Bengaluru / Bangalore,"  Data Engineer for AI/Advance Analytic , Corporate"
415,Data Integration Specialist,Amazon,8-11 Years,Bengaluru / Bangalore,"  Data Engineer for AI/Advance Analytic , Corporate"
416,Cloud Solution Architect (OPEX),Microsoft,5-8 Years,"Mumbai, India","  Data Engineer for AI/Advance Analytic , Corporate"
417,CB - Vice President Data Science,JP Morgan Chase & Co.,10-13 Years,Bengaluru / Bangalore,"  CB - Vice President Data Science , Finance , Accounts Executive , Account , Accounts Assistant"
418,Customer Success Account Manager,Microsoft,12-15 Years,"Mumbai, India","  CB - Vice President Data Science , Finance , Accounts Executive , Account , Accounts Assistant"
419,Architect,Microsoft,10-13 Years,"Hyderabad / Secunderabad, India","  CB - Vice President Data Science , Finance , Accounts Executive , Account , Accounts Assistant"
420,"Data Engineer, Staff",Qualcomm,9-12 Years,Hyderabad / Secunderabad,"  Staff , Data Engineer"
421,Cloud Solution Architect | Springboard Program,Microsoft,Not Specified,"Bengaluru / Bangalore, India","  Staff , Data Engineer"
422,Business Intelligence Analyst,Micron,3-5 Years,Hyderabad / Secunderabad,"  Business Intelligence , Logistics , Engineer , Supply , Technology , Operations , Engineering"
423,Business Intelligence Analyst,Micron Semiconductor Asia Operations Pte. Ltd,3-5 Years,"Hyderabad / Secunderabad, India",  Business Intelligence Analyst
424,Manager - Data Engineer,Genpact,Not Specified,Noida,"  Manager - Data Engineer , Corporate"
425,"Solution Architect,Smart MFG & AI",Micron Semiconductor Asia Operations Pte. Ltd,5-8 Years,"Hyderabad / Secunderabad, India","  Smart MFG & AI , Solution Architect"
426,Cloud Solution Architect - Data & AI,Microsoft,5-8 Years,"Bengaluru / Bangalore, India","  Smart MFG & AI , Solution Architect"
427,Cloud Solution Architect - Data & AI,Microsoft,8-11 Years,"Bengaluru / Bangalore, India","  Smart MFG & AI , Solution Architect"
428,Lead Developer,Standard Chartered,Not Specified,"Chennai, India",  Lead Developer
429,Business Analyst,Amazon,Not Specified,Bengaluru / Bangalore,  Lead Developer
430,Data Engineer,Micron,3-5 Years,Hyderabad / Secunderabad,"  Engineer , Developer , Computer Science , Technology , Engineering , Database"
431,Director Business Analytics & Insights,Microsoft,12-15 Years,"Hyderabad / Secunderabad, India","  Engineer , Developer , Computer Science , Technology , Engineering , Database"
432,Data Engineer,Micron Semiconductor Asia Operations Pte. Ltd,3-5 Years,"Hyderabad / Secunderabad, India",  Data Engineer
433,Cloud Solution Architect | Springboard Program,Microsoft,Not Specified,"Bengaluru / Bangalore, India",  Data Engineer
434,Global Medical Data Analyst,GlaxoSmithKline Pte Ltd,5-8 Years,"Bengaluru / Bangalore, India",  Data Engineer
435,Cloud Solution Architect,Microsoft,Not Specified,"Bengaluru / Bangalore, India",  Data Engineer
436,Field Application Scientist,ABC Consultants Private Limited,2-9 Years,Faridabad,"  Field Application Scientist , Fas , sequencing , NGS , Troubleshooting , Genomics"
437,Data Science Consultant,IBM,5-8 Years,Mumbai,"  Data Science Consultant , Banking Products , performance measures , R , It Consulting"
438,Analytic Consultant,Wells Fargo,3-6 Years,Bengaluru / Bangalore,"  Data Science Consultant , Banking Products , performance measures , R , It Consulting"
439,Data Engineer,Oracle,5-8 Years,Bengaluru / Bangalore,  Data Engineer
440,"Manager, People Analytics",Micron,5-10 Years,Hyderabad / Secunderabad,"  Data Analyst , Analytics , Warehouse , Engineer , Data , Management , Manufacturing"
441,Data Engineer,Oracle,5-8 Years,Bengaluru / Bangalore,  Data Engineer
442,"Manager, People Analytics",Micron Semiconductor Asia Operations Pte. Ltd,5-10 Years,"Hyderabad / Secunderabad, India","  Manager , People Analytics"
443,"BIG DATA ENGINEER, SMART MFG & AI",Micron Semiconductor Asia Operations Pte. Ltd,0-7 Years,"Hyderabad / Secunderabad, India","  BIG DATA ENGINEER , SMART MFG & AI"
444,"Advisor, Business Intelligence",DELL,8-11 Years,Bengaluru / Bangalore,"  Advisor , Business Intelligence , data , automating , Data Engineer"
445,Business Analyst - SQL Developer,Genpact,Not Specified,Bengaluru / Bangalore,"  Business Analyst - SQL Developer , Operations"
446,Research Scientist,Yashodha S M (Proprietor Of Co Inter Technology),0-5 Years,"Mumbai, Mumbai City","  Research Scientist , Quality Control , Product Quality"
447,Big Data Architect,IBM,Fresher,Mumbai,"  Analysis , IT , Software , Big Data Architect , Big Data , Information Technology"
448,Research Scientist,Atish Arun Sonune (Proprietor Of Tata Techno Solution),0-2 Years,Bengaluru / Bangalore,  Research Scientist
449,BizOps Senior Specialist - Senior Associate,Markit HIS,5-10 Years,Gurgaon / Gurugram,  Research Scientist
450,BizOps Senior Specialist - Senior Associate,Markit HIS,5-10 Years,Gurgaon / Gurugram,  Research Scientist
451,BizOps Analysis Specialist,Markit HIS,7-10 Years,Gurgaon / Gurugram,"  BizOps Analysis Specialist , Regulatory Compliance , Data Management"
452,BizOps Analysis Specialist,Markit HIS,5-7 Years,Gurgaon / Gurugram,"  BizOps Analysis Specialist , Regulatory Compliance , Data Management"
453,Data Science/ML - Senior Associate - PwC Labs,PwC,6-9 Years,Bengaluru / Bangalore,  Technology Strategy
454,"Data Analyst , Senior Data Analyst , Data Analyst - Tech Lead",Company Name Confidential,0-5 Years,"Bengaluru / Bangalore, Mumbai","  Data Analyst , Tech Lead"
455,Data Typing work From Home - Data Entry job,Company Name Confidential,0-5 Years,"Guwahati, Patna","  Data Processing , Data Entry , bacj office , Data Typing , Back End , data entry in india"
456,Data Analyst Required In Canada,Cloud Visa Immigration LLP,2-7 Years,"Australia, Canada","  Data Analyst , Reporting Analyst , Mis Executive , MIS Analyst , Data Entry , Research Analyst"
457,Data Entry Operation,Company Name Confidential,0-2 Years,"Hyderabad / Secunderabad, Mumbai City","  Form Filling , Online Data Entry , Data Processing , Bpo Non Voice , Home Based Business"
458,Data Entry Operator,Minda Solution Tech Mark,0-2 Years,Bengaluru / Bangalore,"  Data Entry Operator , Data Entry , Office Assistant , Back Office , DEO , Back Office Executive"
459,Data Entry Operator,Smart Solution,0-5 Years,"Cochin / Kochi / Ernakulam, Vijayawada","  Typing Speed , Typing , Data Entry , Shorthand , Data Entry Operator , Typewriting"
460,Work From Home Online Data Entry Data Entry Operator Data Entry Jobs Work From Home Jobs Data Entry,Company Name Confidential,0-5 Years,"Hyderabad / Secunderabad, Kolkata","  Data Entry , Back Office , Non voice , Backend , Back Office Executive , Office Assistant"
461,Database Analysts and Data Administrators Req in Canada OINP,I2canz Outsourcing Private Limited,2-10 Years,"Australia, Canada","  Database Administrator , Design , Data Analysis , Data Analyst , Dba , Database Admin"
462,Data Analyst,Advance Jobs Private Limited,4-8 Years,"Delhi, Noida","  Data Analyst , Data Analysis , data collection systems , Data Quality"
463,work from home data entry typing & writing jobs.,Sky Work Solution,0-3 Years,"Bengaluru / Bangalore, Chennai","  Typing , Data Entry"
464,Online Data Entry Work From Home Computer Operator Data Entry Work From Home Jobs Data Entry Jobs,Company Name Confidential,0-5 Years,"Kolkata, Mumbai, Mumbai City, Navi Mumbai, Thane","  Data Entry , Back Office , Non voice , Backend , Back Office Executive , Office Assistant"
465,"online data entry work from home, data entry, online job from home, data entry job vacancy available",Company Name Confidential,0-5 Years,"Delhi, Hyderabad / Secunderabad","  Data Entry , Back Office , Non voice , Backend , Back Office Executive , Office Assistant"
466,"Home Based Job, Simple Data Entry Work, Work From Home, Online Data Entry, Home Based Data Entry Job",Company Name Confidential,0-5 Years,"Chennai, Mumbai, Mumbai City, Navi Mumbai, Thane","  Data Entry , Back Office , Non voice , Backend , Back Office Executive , Office Assistant"
467,Online & offline Data Entry Jobs - Work From Home Jobs ...,Sky Work Solution,0-3 Years,"Hubli, Thrissur","  Typing Speed , Data Entry"
468,"Home Based Online Job, Data Entry, Work From Home, Online Job, Online Data Entry Job, Data Entry Job",Company Name Confidential,0-5 Years,"Chennai, Hyderabad / Secunderabad","  Data Entry , Back Office , Non voice , Backend , Back Office Executive , Office Assistant"
469,Data Entry Jobs Work From Home Online Data Entry Work From Home Data Entry Work From Home Jobs,Company Name Confidential,0-5 Years,"Chennai, Kolkata","  Data Entry , Back Office , Non voice , Backend , Back Office Executive , Office Assistant"
470,DATA ANALYST,Advance Jobs Private Limited,3-8 Years,"Delhi, Gurgaon / Gurugram","  Data Analyst , R , Data Analytics , Python , Scala , Spark , SAS"
471,"Online Data Entry Jobs, Work at Home Jobs, Simple Typing Jobs, Data Entry Jobs, Work From Home Jobs",Company Name Confidential,0-5 Years,"Hyderabad / Secunderabad, Mumbai, Mumbai City, Navi Mumbai, Thane","  Position: Fresher , Data Entry Operator , Data Entry , Online Job , Part Time Job"
472,Online Data Entry Jobs - Work From Home - Part Time Job - Data Entry .,Sky Work Solution,0-3 Years,"Bengaluru / Bangalore, Navi Mumbai","  Typing , Data Entry"
473,"Online Data Entry Jobs, Work From Home Jobs, Data Entry Jobs, Part Time Jobs",Company Name Confidential,0-5 Years,"Bengaluru / Bangalore, Hyderabad / Secunderabad","  Work From Home , Data Entry , Data Entry Operator , Part Time Work From Home Part Time Job"
474,Data Science AI Specialist,A Thingz Solutions Private Limited,6-10 Years,"Hyderabad / Secunderabad, Visakhapatnam","  Data Science , Artificial Intelligence"
